job_id,skill_slug,skill_name,skill_category
5c3df77db4c22c42f5787e30a3e0be9e1b74079fe793b70bd2168f359fc6ea14,sql,SQL,programming_language
5c3df77db4c22c42f5787e30a3e0be9e1b74079fe793b70bd2168f359fc6ea14,power_bi,Power BI,bi_tool
5c3df77db4c22c42f5787e30a3e0be9e1b74079fe793b70bd2168f359fc6ea14,azure,Microsoft Azure,cloud
ce4edbc22912ce7e9dcfd89a835ea5a5bb0905718ad1bc899eb7dc697a0685f9,python,Python,programming_language
ce4edbc22912ce7e9dcfd89a835ea5a5bb0905718ad1bc899eb7dc697a0685f9,sql,SQL,programming_language
ce4edbc22912ce7e9dcfd89a835ea5a5bb0905718ad1bc899eb7dc697a0685f9,power_bi,Power BI,bi_tool
ce4edbc22912ce7e9dcfd89a835ea5a5bb0905718ad1bc899eb7dc697a0685f9,git,Git,version_control
aafda05c174f34af324f77cfe9c18a921394f212af9a81c2e28ce7f0cdaa3e0b,git,Git,version_control
aafda05c174f34af324f77cfe9c18a921394f212af9a81c2e28ce7f0cdaa3e0b,python,Python,programming_language
aafda05c174f34af324f77cfe9c18a921394f212af9a81c2e28ce7f0cdaa3e0b,power_bi,Power BI,bi_tool
aafda05c174f34af324f77cfe9c18a921394f212af9a81c2e28ce7f0cdaa3e0b,azure,Microsoft Azure,cloud
aafda05c174f34af324f77cfe9c18a921394f212af9a81c2e28ce7f0cdaa3e0b,excel,Excel,productivity
c230c9cbcd8e54fd585168521b1eb82763c56e61bb3d0028cbf22d8d79bf5e4f,sql,SQL,programming_language
c230c9cbcd8e54fd585168521b1eb82763c56e61bb3d0028cbf22d8d79bf5e4f,git,Git,version_control
c230c9cbcd8e54fd585168521b1eb82763c56e61bb3d0028cbf22d8d79bf5e4f,tableau,Tableau,bi_tool
c230c9cbcd8e54fd585168521b1eb82763c56e61bb3d0028cbf22d8d79bf5e4f,azure,Microsoft Azure,cloud
c230c9cbcd8e54fd585168521b1eb82763c56e61bb3d0028cbf22d8d79bf5e4f,power_bi,Power BI,bi_tool
c230c9cbcd8e54fd585168521b1eb82763c56e61bb3d0028cbf22d8d79bf5e4f,python,Python,programming_language
60dd508056f13c58f2da75482760249c37deb7c8912ed22abe159dcec701f9ce,azure,Microsoft Azure,cloud
60dd508056f13c58f2da75482760249c37deb7c8912ed22abe159dcec701f9ce,git,Git,version_control
60dd508056f13c58f2da75482760249c37deb7c8912ed22abe159dcec701f9ce,tableau,Tableau,bi_tool
8de623e5550eb3a4c8b70559e748b94c313b70320f4ea8ebdfd4a5decd97f9e9,tableau,Tableau,bi_tool
8de623e5550eb3a4c8b70559e748b94c313b70320f4ea8ebdfd4a5decd97f9e9,excel,Excel,productivity
8de623e5550eb3a4c8b70559e748b94c313b70320f4ea8ebdfd4a5decd97f9e9,sql,SQL,programming_language
8de623e5550eb3a4c8b70559e748b94c313b70320f4ea8ebdfd4a5decd97f9e9,python,Python,programming_language
b6f57fb3e518ae8e84bfad00237a1b6e8e10cef0d9c7d53eff5da0486a7dbd00,tableau,Tableau,bi_tool
b6f57fb3e518ae8e84bfad00237a1b6e8e10cef0d9c7d53eff5da0486a7dbd00,sql,SQL,programming_language
b6f57fb3e518ae8e84bfad00237a1b6e8e10cef0d9c7d53eff5da0486a7dbd00,python,Python,programming_language
b6f57fb3e518ae8e84bfad00237a1b6e8e10cef0d9c7d53eff5da0486a7dbd00,azure,Microsoft Azure,cloud
b6f57fb3e518ae8e84bfad00237a1b6e8e10cef0d9c7d53eff5da0486a7dbd00,excel,Excel,productivity
577d26cf3bcf64f22d069f64b7c09b88af80e9e3517abefa103e85df0f7fd6a1,sql,SQL,programming_language
577d26cf3bcf64f22d069f64b7c09b88af80e9e3517abefa103e85df0f7fd6a1,azure,Microsoft Azure,cloud
577d26cf3bcf64f22d069f64b7c09b88af80e9e3517abefa103e85df0f7fd6a1,git,Git,version_control
577d26cf3bcf64f22d069f64b7c09b88af80e9e3517abefa103e85df0f7fd6a1,excel,Excel,productivity
577d26cf3bcf64f22d069f64b7c09b88af80e9e3517abefa103e85df0f7fd6a1,python,Python,programming_language
577d26cf3bcf64f22d069f64b7c09b88af80e9e3517abefa103e85df0f7fd6a1,tableau,Tableau,bi_tool
e39a2de8ffe2eef2c128de0a0f3591adad2ad9147cc072522c1552e69bcbbb8b,power_bi,Power BI,bi_tool
e39a2de8ffe2eef2c128de0a0f3591adad2ad9147cc072522c1552e69bcbbb8b,python,Python,programming_language
e39a2de8ffe2eef2c128de0a0f3591adad2ad9147cc072522c1552e69bcbbb8b,sql,SQL,programming_language
15bc44132e0f0c66fbbe825124a0e8fd8ed3e090e6c3275fede718e1c6af4694,tableau,Tableau,bi_tool
15bc44132e0f0c66fbbe825124a0e8fd8ed3e090e6c3275fede718e1c6af4694,excel,Excel,productivity
15bc44132e0f0c66fbbe825124a0e8fd8ed3e090e6c3275fede718e1c6af4694,sql,SQL,programming_language
15bc44132e0f0c66fbbe825124a0e8fd8ed3e090e6c3275fede718e1c6af4694,azure,Microsoft Azure,cloud
d0e054947a44018ca4b42a0656cae028987e6b6c18b9a3f900ca6332399e0ec6,excel,Excel,productivity
d0e054947a44018ca4b42a0656cae028987e6b6c18b9a3f900ca6332399e0ec6,git,Git,version_control
d0e054947a44018ca4b42a0656cae028987e6b6c18b9a3f900ca6332399e0ec6,azure,Microsoft Azure,cloud
d0e054947a44018ca4b42a0656cae028987e6b6c18b9a3f900ca6332399e0ec6,power_bi,Power BI,bi_tool
d0e054947a44018ca4b42a0656cae028987e6b6c18b9a3f900ca6332399e0ec6,sql,SQL,programming_language
fcdab08485b6d8bd4a679f1a2ea01e3351a037cef12c472a1ef8e18ce2ec9ed2,azure,Microsoft Azure,cloud
fcdab08485b6d8bd4a679f1a2ea01e3351a037cef12c472a1ef8e18ce2ec9ed2,excel,Excel,productivity
fcdab08485b6d8bd4a679f1a2ea01e3351a037cef12c472a1ef8e18ce2ec9ed2,sql,SQL,programming_language
fcdab08485b6d8bd4a679f1a2ea01e3351a037cef12c472a1ef8e18ce2ec9ed2,tableau,Tableau,bi_tool
fcdab08485b6d8bd4a679f1a2ea01e3351a037cef12c472a1ef8e18ce2ec9ed2,power_bi,Power BI,bi_tool
fcdab08485b6d8bd4a679f1a2ea01e3351a037cef12c472a1ef8e18ce2ec9ed2,git,Git,version_control
7d723d3247b065d4dd02fa0d2b0a1d172a1d72142aa906141b17dd0412922f30,agile,Agile,methodology
7d723d3247b065d4dd02fa0d2b0a1d172a1d72142aa906141b17dd0412922f30,azure,Microsoft Azure,cloud
7d723d3247b065d4dd02fa0d2b0a1d172a1d72142aa906141b17dd0412922f30,qlik,Qlik,bi_tool
1817308d28631db9e6f29c7bd3bdfd637fbf2102f731f69dbf43a3e116c2ff87,sql,SQL,programming_language
1817308d28631db9e6f29c7bd3bdfd637fbf2102f731f69dbf43a3e116c2ff87,azure,Microsoft Azure,cloud
1817308d28631db9e6f29c7bd3bdfd637fbf2102f731f69dbf43a3e116c2ff87,agile,Agile,methodology
1817308d28631db9e6f29c7bd3bdfd637fbf2102f731f69dbf43a3e116c2ff87,excel,Excel,productivity
e384644e393497c2140156fd478283d42441b4182ce0811eafde8d229e22db93,excel,Excel,productivity
e384644e393497c2140156fd478283d42441b4182ce0811eafde8d229e22db93,qlik,Qlik,bi_tool
e384644e393497c2140156fd478283d42441b4182ce0811eafde8d229e22db93,power_bi,Power BI,bi_tool
e384644e393497c2140156fd478283d42441b4182ce0811eafde8d229e22db93,tableau,Tableau,bi_tool
e384644e393497c2140156fd478283d42441b4182ce0811eafde8d229e22db93,azure,Microsoft Azure,cloud
e8954f2b32ce710f2ee70dabf577b396cf6bef74bff1c344bb2493582ef24d24,agile,Agile,methodology
e8954f2b32ce710f2ee70dabf577b396cf6bef74bff1c344bb2493582ef24d24,excel,Excel,productivity
e8954f2b32ce710f2ee70dabf577b396cf6bef74bff1c344bb2493582ef24d24,power_bi,Power BI,bi_tool
e8954f2b32ce710f2ee70dabf577b396cf6bef74bff1c344bb2493582ef24d24,azure,Microsoft Azure,cloud
e8954f2b32ce710f2ee70dabf577b396cf6bef74bff1c344bb2493582ef24d24,tableau,Tableau,bi_tool
e8954f2b32ce710f2ee70dabf577b396cf6bef74bff1c344bb2493582ef24d24,qlik,Qlik,bi_tool
82fbb70d1f29fd803d7d5ea4fa0461fb1a281e1eb8f0346f764b1c3dfffdf4a9,tableau,Tableau,bi_tool
82fbb70d1f29fd803d7d5ea4fa0461fb1a281e1eb8f0346f764b1c3dfffdf4a9,excel,Excel,productivity
82fbb70d1f29fd803d7d5ea4fa0461fb1a281e1eb8f0346f764b1c3dfffdf4a9,qlik,Qlik,bi_tool
160f7c2429431e08a5774b440cd4650b41e47efcc6b39a66ef4ab0c773d46412,excel,Excel,productivity
160f7c2429431e08a5774b440cd4650b41e47efcc6b39a66ef4ab0c773d46412,power_bi,Power BI,bi_tool
160f7c2429431e08a5774b440cd4650b41e47efcc6b39a66ef4ab0c773d46412,azure,Microsoft Azure,cloud
160f7c2429431e08a5774b440cd4650b41e47efcc6b39a66ef4ab0c773d46412,qlik,Qlik,bi_tool
631568f869ea4de8f7b4deea275292c66112df54fce8803b82c680d79114c6b3,sql,SQL,programming_language
631568f869ea4de8f7b4deea275292c66112df54fce8803b82c680d79114c6b3,agile,Agile,methodology
631568f869ea4de8f7b4deea275292c66112df54fce8803b82c680d79114c6b3,power_bi,Power BI,bi_tool
631568f869ea4de8f7b4deea275292c66112df54fce8803b82c680d79114c6b3,qlik,Qlik,bi_tool
631568f869ea4de8f7b4deea275292c66112df54fce8803b82c680d79114c6b3,tableau,Tableau,bi_tool
32547e13e4cf00fae25671025ef142b5291f9110ef7f64baa7077042c54b8c88,excel,Excel,productivity
32547e13e4cf00fae25671025ef142b5291f9110ef7f64baa7077042c54b8c88,sql,SQL,programming_language
32547e13e4cf00fae25671025ef142b5291f9110ef7f64baa7077042c54b8c88,azure,Microsoft Azure,cloud
32547e13e4cf00fae25671025ef142b5291f9110ef7f64baa7077042c54b8c88,power_bi,Power BI,bi_tool
32547e13e4cf00fae25671025ef142b5291f9110ef7f64baa7077042c54b8c88,tableau,Tableau,bi_tool
32547e13e4cf00fae25671025ef142b5291f9110ef7f64baa7077042c54b8c88,agile,Agile,methodology
3162ae6179dfe3aac400c7d6a884d442dac34cd8864c87d70c700103af3d5c14,azure,Microsoft Azure,cloud
3162ae6179dfe3aac400c7d6a884d442dac34cd8864c87d70c700103af3d5c14,qlik,Qlik,bi_tool
3162ae6179dfe3aac400c7d6a884d442dac34cd8864c87d70c700103af3d5c14,agile,Agile,methodology
d37792bdae07eb93ee3105208020be9082df6b8f74c48c822969506686a53ed7,agile,Agile,methodology
d37792bdae07eb93ee3105208020be9082df6b8f74c48c822969506686a53ed7,azure,Microsoft Azure,cloud
d37792bdae07eb93ee3105208020be9082df6b8f74c48c822969506686a53ed7,qlik,Qlik,bi_tool
d37792bdae07eb93ee3105208020be9082df6b8f74c48c822969506686a53ed7,power_bi,Power BI,bi_tool
de25a262cfa3b7f601a67350946f1fe91311a4291e2f9a9bf8c51bfc99e55470,tableau,Tableau,bi_tool
de25a262cfa3b7f601a67350946f1fe91311a4291e2f9a9bf8c51bfc99e55470,azure,Microsoft Azure,cloud
de25a262cfa3b7f601a67350946f1fe91311a4291e2f9a9bf8c51bfc99e55470,power_bi,Power BI,bi_tool
de25a262cfa3b7f601a67350946f1fe91311a4291e2f9a9bf8c51bfc99e55470,qlik,Qlik,bi_tool
de25a262cfa3b7f601a67350946f1fe91311a4291e2f9a9bf8c51bfc99e55470,agile,Agile,methodology
050f5dcc7b1b2754f6497f72cbd16c824ea76c01a3af5a4a05fbefcd05a56546,agile,Agile,methodology
050f5dcc7b1b2754f6497f72cbd16c824ea76c01a3af5a4a05fbefcd05a56546,power_bi,Power BI,bi_tool
050f5dcc7b1b2754f6497f72cbd16c824ea76c01a3af5a4a05fbefcd05a56546,azure,Microsoft Azure,cloud
050f5dcc7b1b2754f6497f72cbd16c824ea76c01a3af5a4a05fbefcd05a56546,tableau,Tableau,bi_tool
050f5dcc7b1b2754f6497f72cbd16c824ea76c01a3af5a4a05fbefcd05a56546,sql,SQL,programming_language
050f5dcc7b1b2754f6497f72cbd16c824ea76c01a3af5a4a05fbefcd05a56546,excel,Excel,productivity
121449bdc1803614ddbae6fe8cdec6eea8ac44c6be4d6591d3b20b9a21f74554,kafka,Apache Kafka,data_engineering
121449bdc1803614ddbae6fe8cdec6eea8ac44c6be4d6591d3b20b9a21f74554,python,Python,programming_language
121449bdc1803614ddbae6fe8cdec6eea8ac44c6be4d6591d3b20b9a21f74554,azure,Microsoft Azure,cloud
72f072c14a4f5fd3eb31a3ef0e74deaaade68c22c2905f38dd8fb49c86f1e163,docker,Docker,devops
72f072c14a4f5fd3eb31a3ef0e74deaaade68c22c2905f38dd8fb49c86f1e163,azure,Microsoft Azure,cloud
72f072c14a4f5fd3eb31a3ef0e74deaaade68c22c2905f38dd8fb49c86f1e163,spark,Apache Spark,data_engineering
72f072c14a4f5fd3eb31a3ef0e74deaaade68c22c2905f38dd8fb49c86f1e163,sql,SQL,programming_language
6138c520427d09e5a3dc3194a77a4c5f46c3644106bbed1c44d004ffb0001fca,kafka,Apache Kafka,data_engineering
6138c520427d09e5a3dc3194a77a4c5f46c3644106bbed1c44d004ffb0001fca,airflow,Apache Airflow,data_engineering
6138c520427d09e5a3dc3194a77a4c5f46c3644106bbed1c44d004ffb0001fca,dbt,dbt,data_engineering
6138c520427d09e5a3dc3194a77a4c5f46c3644106bbed1c44d004ffb0001fca,azure,Microsoft Azure,cloud
6138c520427d09e5a3dc3194a77a4c5f46c3644106bbed1c44d004ffb0001fca,aws,AWS,cloud
071c67b0c7d8997dea6264f24c5952b9e2db94100e20109228bed9db1509b058,azure,Microsoft Azure,cloud
071c67b0c7d8997dea6264f24c5952b9e2db94100e20109228bed9db1509b058,sql,SQL,programming_language
071c67b0c7d8997dea6264f24c5952b9e2db94100e20109228bed9db1509b058,kafka,Apache Kafka,data_engineering
071c67b0c7d8997dea6264f24c5952b9e2db94100e20109228bed9db1509b058,python,Python,programming_language
071c67b0c7d8997dea6264f24c5952b9e2db94100e20109228bed9db1509b058,dbt,dbt,data_engineering
071c67b0c7d8997dea6264f24c5952b9e2db94100e20109228bed9db1509b058,docker,Docker,devops
e9c61d1cbfc328349a9fc60ee3e48f09c6432752f6385bb81e99b70a0220d2d6,azure,Microsoft Azure,cloud
e9c61d1cbfc328349a9fc60ee3e48f09c6432752f6385bb81e99b70a0220d2d6,databricks,Databricks,data_engineering
e9c61d1cbfc328349a9fc60ee3e48f09c6432752f6385bb81e99b70a0220d2d6,python,Python,programming_language
770846a0d6d801f03b896f307a25359893da36a7978a8728cbde2bae85e5f705,databricks,Databricks,data_engineering
770846a0d6d801f03b896f307a25359893da36a7978a8728cbde2bae85e5f705,dbt,dbt,data_engineering
770846a0d6d801f03b896f307a25359893da36a7978a8728cbde2bae85e5f705,airflow,Apache Airflow,data_engineering
770846a0d6d801f03b896f307a25359893da36a7978a8728cbde2bae85e5f705,docker,Docker,devops
1235cfc49f487088f5dee7f3ad17a827e035a76d0a85ea050c3c0de1ef64e60e,databricks,Databricks,data_engineering
1235cfc49f487088f5dee7f3ad17a827e035a76d0a85ea050c3c0de1ef64e60e,airflow,Apache Airflow,data_engineering
1235cfc49f487088f5dee7f3ad17a827e035a76d0a85ea050c3c0de1ef64e60e,azure,Microsoft Azure,cloud
1235cfc49f487088f5dee7f3ad17a827e035a76d0a85ea050c3c0de1ef64e60e,spark,Apache Spark,data_engineering
1235cfc49f487088f5dee7f3ad17a827e035a76d0a85ea050c3c0de1ef64e60e,sql,SQL,programming_language
d3420240a05f3d1ed8465185e9521b4e98e7ebab7e274692764c1846f9b11bcc,aws,AWS,cloud
d3420240a05f3d1ed8465185e9521b4e98e7ebab7e274692764c1846f9b11bcc,python,Python,programming_language
d3420240a05f3d1ed8465185e9521b4e98e7ebab7e274692764c1846f9b11bcc,airflow,Apache Airflow,data_engineering
d3420240a05f3d1ed8465185e9521b4e98e7ebab7e274692764c1846f9b11bcc,azure,Microsoft Azure,cloud
d3420240a05f3d1ed8465185e9521b4e98e7ebab7e274692764c1846f9b11bcc,dbt,dbt,data_engineering
d3420240a05f3d1ed8465185e9521b4e98e7ebab7e274692764c1846f9b11bcc,databricks,Databricks,data_engineering
84b66256a42f23f960223c941eafd3965a7550213c97eba4dc17a7193f5daef5,spark,Apache Spark,data_engineering
84b66256a42f23f960223c941eafd3965a7550213c97eba4dc17a7193f5daef5,docker,Docker,devops
84b66256a42f23f960223c941eafd3965a7550213c97eba4dc17a7193f5daef5,dbt,dbt,data_engineering
246197758c52f36d1ceb0b296c2d84e7c4fed5ae1bec2b95f079ecde976ad3de,spark,Apache Spark,data_engineering
246197758c52f36d1ceb0b296c2d84e7c4fed5ae1bec2b95f079ecde976ad3de,azure,Microsoft Azure,cloud
246197758c52f36d1ceb0b296c2d84e7c4fed5ae1bec2b95f079ecde976ad3de,databricks,Databricks,data_engineering
246197758c52f36d1ceb0b296c2d84e7c4fed5ae1bec2b95f079ecde976ad3de,kafka,Apache Kafka,data_engineering
3d80109b56aeb613cb24cc8e962208d916c158a438f42ec91f42f1becfd9dc4a,aws,AWS,cloud
3d80109b56aeb613cb24cc8e962208d916c158a438f42ec91f42f1becfd9dc4a,spark,Apache Spark,data_engineering
3d80109b56aeb613cb24cc8e962208d916c158a438f42ec91f42f1becfd9dc4a,python,Python,programming_language
3d80109b56aeb613cb24cc8e962208d916c158a438f42ec91f42f1becfd9dc4a,azure,Microsoft Azure,cloud
3d80109b56aeb613cb24cc8e962208d916c158a438f42ec91f42f1becfd9dc4a,airflow,Apache Airflow,data_engineering
ee6b715a4065ca4b9d8f00abb89238c5ef1555fab9fecae3b0863ca683a5fb1a,aws,AWS,cloud
ee6b715a4065ca4b9d8f00abb89238c5ef1555fab9fecae3b0863ca683a5fb1a,python,Python,programming_language
ee6b715a4065ca4b9d8f00abb89238c5ef1555fab9fecae3b0863ca683a5fb1a,sql,SQL,programming_language
ee6b715a4065ca4b9d8f00abb89238c5ef1555fab9fecae3b0863ca683a5fb1a,spark,Apache Spark,data_engineering
ee6b715a4065ca4b9d8f00abb89238c5ef1555fab9fecae3b0863ca683a5fb1a,databricks,Databricks,data_engineering
ee6b715a4065ca4b9d8f00abb89238c5ef1555fab9fecae3b0863ca683a5fb1a,kafka,Apache Kafka,data_engineering
39da68e8881e00707b5e831cb68b02027ca20d1b459d71c7450918c4568c241d,databricks,Databricks,data_engineering
39da68e8881e00707b5e831cb68b02027ca20d1b459d71c7450918c4568c241d,spark,Apache Spark,data_engineering
39da68e8881e00707b5e831cb68b02027ca20d1b459d71c7450918c4568c241d,aws,AWS,cloud
82dba61642f9671b9557b898693ffa770df01f9b128e7821d098a80af9115bdd,spark,Apache Spark,data_engineering
82dba61642f9671b9557b898693ffa770df01f9b128e7821d098a80af9115bdd,aws,AWS,cloud
82dba61642f9671b9557b898693ffa770df01f9b128e7821d098a80af9115bdd,git,Git,version_control
82dba61642f9671b9557b898693ffa770df01f9b128e7821d098a80af9115bdd,python,Python,programming_language
a27002725d0b37c8be7a5a885de6c604de1b4b8423a4a5d8c3b50a527acbb142,aws,AWS,cloud
a27002725d0b37c8be7a5a885de6c604de1b4b8423a4a5d8c3b50a527acbb142,sql,SQL,programming_language
a27002725d0b37c8be7a5a885de6c604de1b4b8423a4a5d8c3b50a527acbb142,python,Python,programming_language
a27002725d0b37c8be7a5a885de6c604de1b4b8423a4a5d8c3b50a527acbb142,databricks,Databricks,data_engineering
a27002725d0b37c8be7a5a885de6c604de1b4b8423a4a5d8c3b50a527acbb142,git,Git,version_control
f4b501729c80f27e0e81e014f5f08de497af858a1deb40955e48913af60a2305,r,R,programming_language
f4b501729c80f27e0e81e014f5f08de497af858a1deb40955e48913af60a2305,databricks,Databricks,data_engineering
f4b501729c80f27e0e81e014f5f08de497af858a1deb40955e48913af60a2305,spark,Apache Spark,data_engineering
f4b501729c80f27e0e81e014f5f08de497af858a1deb40955e48913af60a2305,sql,SQL,programming_language
f4b501729c80f27e0e81e014f5f08de497af858a1deb40955e48913af60a2305,python,Python,programming_language
f4b501729c80f27e0e81e014f5f08de497af858a1deb40955e48913af60a2305,git,Git,version_control
b6487e60ff9d6459b6b8eb159e19545ce64bb4dc12f1369e978958cd89c6fd92,databricks,Databricks,data_engineering
b6487e60ff9d6459b6b8eb159e19545ce64bb4dc12f1369e978958cd89c6fd92,sql,SQL,programming_language
b6487e60ff9d6459b6b8eb159e19545ce64bb4dc12f1369e978958cd89c6fd92,python,Python,programming_language
273db8a2f6b9a5741fdd3f3662788861c34275c82d6b2ecfb480e71655c4a078,aws,AWS,cloud
273db8a2f6b9a5741fdd3f3662788861c34275c82d6b2ecfb480e71655c4a078,spark,Apache Spark,data_engineering
273db8a2f6b9a5741fdd3f3662788861c34275c82d6b2ecfb480e71655c4a078,python,Python,programming_language
273db8a2f6b9a5741fdd3f3662788861c34275c82d6b2ecfb480e71655c4a078,git,Git,version_control
1c57c24ef67cf957a9161c39d77a82a4b663295e44e4c07bbf2604b9c0643d98,git,Git,version_control
1c57c24ef67cf957a9161c39d77a82a4b663295e44e4c07bbf2604b9c0643d98,spark,Apache Spark,data_engineering
1c57c24ef67cf957a9161c39d77a82a4b663295e44e4c07bbf2604b9c0643d98,aws,AWS,cloud
1c57c24ef67cf957a9161c39d77a82a4b663295e44e4c07bbf2604b9c0643d98,databricks,Databricks,data_engineering
1c57c24ef67cf957a9161c39d77a82a4b663295e44e4c07bbf2604b9c0643d98,r,R,programming_language
36c11297b2d17a0dd8d9c7153e386ddcfc3ddf10a1e53a1f6c3bf19a308e9c8b,python,Python,programming_language
36c11297b2d17a0dd8d9c7153e386ddcfc3ddf10a1e53a1f6c3bf19a308e9c8b,git,Git,version_control
36c11297b2d17a0dd8d9c7153e386ddcfc3ddf10a1e53a1f6c3bf19a308e9c8b,aws,AWS,cloud
36c11297b2d17a0dd8d9c7153e386ddcfc3ddf10a1e53a1f6c3bf19a308e9c8b,sql,SQL,programming_language
36c11297b2d17a0dd8d9c7153e386ddcfc3ddf10a1e53a1f6c3bf19a308e9c8b,spark,Apache Spark,data_engineering
36c11297b2d17a0dd8d9c7153e386ddcfc3ddf10a1e53a1f6c3bf19a308e9c8b,databricks,Databricks,data_engineering
3b63b5aaccf893545fe5554bdab37df68a3ac23359e30cdb1a1103038db35d55,aws,AWS,cloud
3b63b5aaccf893545fe5554bdab37df68a3ac23359e30cdb1a1103038db35d55,databricks,Databricks,data_engineering
3b63b5aaccf893545fe5554bdab37df68a3ac23359e30cdb1a1103038db35d55,git,Git,version_control
aadfaceedd3dbc1b3b4c4756cbde20e9f548950b156aa6ee642081be662382aa,r,R,programming_language
aadfaceedd3dbc1b3b4c4756cbde20e9f548950b156aa6ee642081be662382aa,python,Python,programming_language
aadfaceedd3dbc1b3b4c4756cbde20e9f548950b156aa6ee642081be662382aa,spark,Apache Spark,data_engineering
aadfaceedd3dbc1b3b4c4756cbde20e9f548950b156aa6ee642081be662382aa,sql,SQL,programming_language
d90acc819e23ac449cb51afd6fe73910c229dec5b1c2d72deb377babeb4df3dc,spark,Apache Spark,data_engineering
d90acc819e23ac449cb51afd6fe73910c229dec5b1c2d72deb377babeb4df3dc,git,Git,version_control
d90acc819e23ac449cb51afd6fe73910c229dec5b1c2d72deb377babeb4df3dc,databricks,Databricks,data_engineering
d90acc819e23ac449cb51afd6fe73910c229dec5b1c2d72deb377babeb4df3dc,sql,SQL,programming_language
d90acc819e23ac449cb51afd6fe73910c229dec5b1c2d72deb377babeb4df3dc,aws,AWS,cloud
7798ebda589987b4ae7617978de19ba6385cec977c5047f95203b3167254d282,spark,Apache Spark,data_engineering
7798ebda589987b4ae7617978de19ba6385cec977c5047f95203b3167254d282,aws,AWS,cloud
7798ebda589987b4ae7617978de19ba6385cec977c5047f95203b3167254d282,git,Git,version_control
7798ebda589987b4ae7617978de19ba6385cec977c5047f95203b3167254d282,python,Python,programming_language
7798ebda589987b4ae7617978de19ba6385cec977c5047f95203b3167254d282,databricks,Databricks,data_engineering
7798ebda589987b4ae7617978de19ba6385cec977c5047f95203b3167254d282,r,R,programming_language
16cb55dd004c65ab68fd1103f017ef398fafce368e27ebc8f51fb4c9311be8ae,javascript,JavaScript,programming_language
16cb55dd004c65ab68fd1103f017ef398fafce368e27ebc8f51fb4c9311be8ae,typescript,TypeScript,programming_language
16cb55dd004c65ab68fd1103f017ef398fafce368e27ebc8f51fb4c9311be8ae,docker,Docker,devops
986f6bf1020cf0bac17ef7e4682b629125071043f5846bf259799f60dce24859,react,React,framework
986f6bf1020cf0bac17ef7e4682b629125071043f5846bf259799f60dce24859,typescript,TypeScript,programming_language
986f6bf1020cf0bac17ef7e4682b629125071043f5846bf259799f60dce24859,docker,Docker,devops
986f6bf1020cf0bac17ef7e4682b629125071043f5846bf259799f60dce24859,vue,Vue.js,framework
6f331e522e6f23157c60c5f13e7ca3a472cae9edd7921043cab5cfa625f51050,angular,Angular,framework
6f331e522e6f23157c60c5f13e7ca3a472cae9edd7921043cab5cfa625f51050,git,Git,version_control
6f331e522e6f23157c60c5f13e7ca3a472cae9edd7921043cab5cfa625f51050,react,React,framework
6f331e522e6f23157c60c5f13e7ca3a472cae9edd7921043cab5cfa625f51050,docker,Docker,devops
6f331e522e6f23157c60c5f13e7ca3a472cae9edd7921043cab5cfa625f51050,typescript,TypeScript,programming_language
87b7d16857203d310fce6532f0fd4dafefd81de559361f41adfced9eaaf6cae0,typescript,TypeScript,programming_language
87b7d16857203d310fce6532f0fd4dafefd81de559361f41adfced9eaaf6cae0,javascript,JavaScript,programming_language
87b7d16857203d310fce6532f0fd4dafefd81de559361f41adfced9eaaf6cae0,git,Git,version_control
87b7d16857203d310fce6532f0fd4dafefd81de559361f41adfced9eaaf6cae0,angular,Angular,framework
87b7d16857203d310fce6532f0fd4dafefd81de559361f41adfced9eaaf6cae0,docker,Docker,devops
87b7d16857203d310fce6532f0fd4dafefd81de559361f41adfced9eaaf6cae0,react,React,framework
11f76ccb23d6b0d1f426327e38a6010d2b41d7be168a5647bf4a091f68566a41,javascript,JavaScript,programming_language
11f76ccb23d6b0d1f426327e38a6010d2b41d7be168a5647bf4a091f68566a41,angular,Angular,framework
11f76ccb23d6b0d1f426327e38a6010d2b41d7be168a5647bf4a091f68566a41,react,React,framework
eb97bb81c1e4e6ac708bd05bf738b2efa256a78169e2ac332dfff587a180919b,javascript,JavaScript,programming_language
eb97bb81c1e4e6ac708bd05bf738b2efa256a78169e2ac332dfff587a180919b,react,React,framework
eb97bb81c1e4e6ac708bd05bf738b2efa256a78169e2ac332dfff587a180919b,typescript,TypeScript,programming_language
eb97bb81c1e4e6ac708bd05bf738b2efa256a78169e2ac332dfff587a180919b,git,Git,version_control
3e6978bc44280872dc1f4cf50494178701cb7b699ab0ea336e67e4dba209aa52,react,React,framework
3e6978bc44280872dc1f4cf50494178701cb7b699ab0ea336e67e4dba209aa52,git,Git,version_control
3e6978bc44280872dc1f4cf50494178701cb7b699ab0ea336e67e4dba209aa52,typescript,TypeScript,programming_language
3e6978bc44280872dc1f4cf50494178701cb7b699ab0ea336e67e4dba209aa52,vue,Vue.js,framework
3e6978bc44280872dc1f4cf50494178701cb7b699ab0ea336e67e4dba209aa52,docker,Docker,devops
f9d62f43a83aa24792e25f345c6e66bfda1f535d294050124fafe0e556e696e8,typescript,TypeScript,programming_language
f9d62f43a83aa24792e25f345c6e66bfda1f535d294050124fafe0e556e696e8,react,React,framework
f9d62f43a83aa24792e25f345c6e66bfda1f535d294050124fafe0e556e696e8,angular,Angular,framework
f9d62f43a83aa24792e25f345c6e66bfda1f535d294050124fafe0e556e696e8,docker,Docker,devops
f9d62f43a83aa24792e25f345c6e66bfda1f535d294050124fafe0e556e696e8,git,Git,version_control
f9d62f43a83aa24792e25f345c6e66bfda1f535d294050124fafe0e556e696e8,javascript,JavaScript,programming_language
35d2ee9dfd7016497b6d843dfc5a19f1a66edbf1021879e065557af2fb0b37d0,vue,Vue.js,framework
35d2ee9dfd7016497b6d843dfc5a19f1a66edbf1021879e065557af2fb0b37d0,typescript,TypeScript,programming_language
35d2ee9dfd7016497b6d843dfc5a19f1a66edbf1021879e065557af2fb0b37d0,git,Git,version_control
f77867ffe44fc213d6b0e02a73762c83ca7ef3a247ef8e1b83f807f62fba6697,typescript,TypeScript,programming_language
f77867ffe44fc213d6b0e02a73762c83ca7ef3a247ef8e1b83f807f62fba6697,docker,Docker,devops
f77867ffe44fc213d6b0e02a73762c83ca7ef3a247ef8e1b83f807f62fba6697,angular,Angular,framework
f77867ffe44fc213d6b0e02a73762c83ca7ef3a247ef8e1b83f807f62fba6697,vue,Vue.js,framework
cf3559731266a24c084c1548b763b1815fa7b88a8c572ed5f1c489bfdf061eb8,angular,Angular,framework
cf3559731266a24c084c1548b763b1815fa7b88a8c572ed5f1c489bfdf061eb8,typescript,TypeScript,programming_language
cf3559731266a24c084c1548b763b1815fa7b88a8c572ed5f1c489bfdf061eb8,vue,Vue.js,framework
cf3559731266a24c084c1548b763b1815fa7b88a8c572ed5f1c489bfdf061eb8,react,React,framework
cf3559731266a24c084c1548b763b1815fa7b88a8c572ed5f1c489bfdf061eb8,javascript,JavaScript,programming_language
12da758ced418da0a7682b23547d01eede6ad7690776c8fa594cbddff5acd0f7,docker,Docker,devops
12da758ced418da0a7682b23547d01eede6ad7690776c8fa594cbddff5acd0f7,react,React,framework
12da758ced418da0a7682b23547d01eede6ad7690776c8fa594cbddff5acd0f7,typescript,TypeScript,programming_language
12da758ced418da0a7682b23547d01eede6ad7690776c8fa594cbddff5acd0f7,git,Git,version_control
12da758ced418da0a7682b23547d01eede6ad7690776c8fa594cbddff5acd0f7,angular,Angular,framework
12da758ced418da0a7682b23547d01eede6ad7690776c8fa594cbddff5acd0f7,vue,Vue.js,framework
98d4b0cfa40877c306d1831592b00b4437854715e824133c75b74d82477d1768,java,Java,programming_language
98d4b0cfa40877c306d1831592b00b4437854715e824133c75b74d82477d1768,django,Django,framework
98d4b0cfa40877c306d1831592b00b4437854715e824133c75b74d82477d1768,fastapi,FastAPI,framework
89867d1fde74ea952913c94640201c3767003140dd55c6e3de7503b4bbf8faf8,spring_boot,Spring Boot,framework
89867d1fde74ea952913c94640201c3767003140dd55c6e3de7503b4bbf8faf8,docker,Docker,devops
89867d1fde74ea952913c94640201c3767003140dd55c6e3de7503b4bbf8faf8,postgresql,PostgreSQL,database
89867d1fde74ea952913c94640201c3767003140dd55c6e3de7503b4bbf8faf8,java,Java,programming_language
32aea657d712b648703ed77fa8e20fc4fdb705724ac2a91371770b8122e02893,fastapi,FastAPI,framework
32aea657d712b648703ed77fa8e20fc4fdb705724ac2a91371770b8122e02893,git,Git,version_control
32aea657d712b648703ed77fa8e20fc4fdb705724ac2a91371770b8122e02893,java,Java,programming_language
32aea657d712b648703ed77fa8e20fc4fdb705724ac2a91371770b8122e02893,spring_boot,Spring Boot,framework
32aea657d712b648703ed77fa8e20fc4fdb705724ac2a91371770b8122e02893,python,Python,programming_language
c30bdc7d10191930fe43280123fdab49a0e81948d38adbd4d6d5be6265b9850d,postgresql,PostgreSQL,database
c30bdc7d10191930fe43280123fdab49a0e81948d38adbd4d6d5be6265b9850d,django,Django,framework
c30bdc7d10191930fe43280123fdab49a0e81948d38adbd4d6d5be6265b9850d,python,Python,programming_language
c30bdc7d10191930fe43280123fdab49a0e81948d38adbd4d6d5be6265b9850d,fastapi,FastAPI,framework
c30bdc7d10191930fe43280123fdab49a0e81948d38adbd4d6d5be6265b9850d,docker,Docker,devops
c30bdc7d10191930fe43280123fdab49a0e81948d38adbd4d6d5be6265b9850d,java,Java,programming_language
1077d3d5b6146f3956e93ee4c7744e451b10e68ba95bb42ea242ba6b17633aff,postgresql,PostgreSQL,database
1077d3d5b6146f3956e93ee4c7744e451b10e68ba95bb42ea242ba6b17633aff,django,Django,framework
1077d3d5b6146f3956e93ee4c7744e451b10e68ba95bb42ea242ba6b17633aff,git,Git,version_control
923598f7ef076c9584dd3d5703e2467580f62b54c19bf14c92473a17cbe4a742,django,Django,framework
923598f7ef076c9584dd3d5703e2467580f62b54c19bf14c92473a17cbe4a742,fastapi,FastAPI,framework
923598f7ef076c9584dd3d5703e2467580f62b54c19bf14c92473a17cbe4a742,postgresql,PostgreSQL,database
923598f7ef076c9584dd3d5703e2467580f62b54c19bf14c92473a17cbe4a742,spring_boot,Spring Boot,framework
f1c894095ca62ae1ad8c665c7006f40a98e563a79ad60465fad84cf5aa73e295,docker,Docker,devops
f1c894095ca62ae1ad8c665c7006f40a98e563a79ad60465fad84cf5aa73e295,django,Django,framework
f1c894095ca62ae1ad8c665c7006f40a98e563a79ad60465fad84cf5aa73e295,java,Java,programming_language
f1c894095ca62ae1ad8c665c7006f40a98e563a79ad60465fad84cf5aa73e295,spring_boot,Spring Boot,framework
f1c894095ca62ae1ad8c665c7006f40a98e563a79ad60465fad84cf5aa73e295,python,Python,programming_language
4f325fc3705920897775bf4a10e061786e69de02fba4b995f55252f82a53a78b,python,Python,programming_language
4f325fc3705920897775bf4a10e061786e69de02fba4b995f55252f82a53a78b,spring_boot,Spring Boot,framework
4f325fc3705920897775bf4a10e061786e69de02fba4b995f55252f82a53a78b,java,Java,programming_language
4f325fc3705920897775bf4a10e061786e69de02fba4b995f55252f82a53a78b,django,Django,framework
4f325fc3705920897775bf4a10e061786e69de02fba4b995f55252f82a53a78b,fastapi,FastAPI,framework
4f325fc3705920897775bf4a10e061786e69de02fba4b995f55252f82a53a78b,docker,Docker,devops
08d909c8c90f20aaae52e92de52030e904fd53c342fa11168c81c136e9585fe1,spring_boot,Spring Boot,framework
08d909c8c90f20aaae52e92de52030e904fd53c342fa11168c81c136e9585fe1,java,Java,programming_language
08d909c8c90f20aaae52e92de52030e904fd53c342fa11168c81c136e9585fe1,fastapi,FastAPI,framework
ec25606e0449ccb03d98c96115734df9b98bc7a42a8c86ccccf7c0306420a9b8,fastapi,FastAPI,framework
ec25606e0449ccb03d98c96115734df9b98bc7a42a8c86ccccf7c0306420a9b8,python,Python,programming_language
ec25606e0449ccb03d98c96115734df9b98bc7a42a8c86ccccf7c0306420a9b8,postgresql,PostgreSQL,database
ec25606e0449ccb03d98c96115734df9b98bc7a42a8c86ccccf7c0306420a9b8,django,Django,framework
4dc5732c4ad89d1883e7d159ea5b178fd19a01f478aca10991b7ec208a7b7700,docker,Docker,devops
4dc5732c4ad89d1883e7d159ea5b178fd19a01f478aca10991b7ec208a7b7700,python,Python,programming_language
4dc5732c4ad89d1883e7d159ea5b178fd19a01f478aca10991b7ec208a7b7700,java,Java,programming_language
4dc5732c4ad89d1883e7d159ea5b178fd19a01f478aca10991b7ec208a7b7700,postgresql,PostgreSQL,database
4dc5732c4ad89d1883e7d159ea5b178fd19a01f478aca10991b7ec208a7b7700,git,Git,version_control
9f7602046111562c3e7788709d84377555b080f634df9eba7719e263c38a5070,docker,Docker,devops
9f7602046111562c3e7788709d84377555b080f634df9eba7719e263c38a5070,django,Django,framework
9f7602046111562c3e7788709d84377555b080f634df9eba7719e263c38a5070,fastapi,FastAPI,framework
9f7602046111562c3e7788709d84377555b080f634df9eba7719e263c38a5070,spring_boot,Spring Boot,framework
9f7602046111562c3e7788709d84377555b080f634df9eba7719e263c38a5070,git,Git,version_control
9f7602046111562c3e7788709d84377555b080f634df9eba7719e263c38a5070,java,Java,programming_language
0d735e8d742f463e0f65fecb701e77a8edb644f9b0eda807dd2d11a8de36ef92,git,Git,version_control
0d735e8d742f463e0f65fecb701e77a8edb644f9b0eda807dd2d11a8de36ef92,javascript,JavaScript,programming_language
0d735e8d742f463e0f65fecb701e77a8edb644f9b0eda807dd2d11a8de36ef92,postgresql,PostgreSQL,database
9c5cacda08fb78077b7312190cdd34bcbe723fff7d062e06c1ca496aeeeb0ac6,javascript,JavaScript,programming_language
9c5cacda08fb78077b7312190cdd34bcbe723fff7d062e06c1ca496aeeeb0ac6,docker,Docker,devops
9c5cacda08fb78077b7312190cdd34bcbe723fff7d062e06c1ca496aeeeb0ac6,typescript,TypeScript,programming_language
9c5cacda08fb78077b7312190cdd34bcbe723fff7d062e06c1ca496aeeeb0ac6,react,React,framework
1caf5f76cebbd653700466d2eb2cac30743f95878665a95ab284372d9d6490e4,node_js,Node.js,framework
1caf5f76cebbd653700466d2eb2cac30743f95878665a95ab284372d9d6490e4,postgresql,PostgreSQL,database
1caf5f76cebbd653700466d2eb2cac30743f95878665a95ab284372d9d6490e4,javascript,JavaScript,programming_language
1caf5f76cebbd653700466d2eb2cac30743f95878665a95ab284372d9d6490e4,typescript,TypeScript,programming_language
1caf5f76cebbd653700466d2eb2cac30743f95878665a95ab284372d9d6490e4,git,Git,version_control
bb05e1b085f5de06d0487cf2c26fb04942a3d27268ff7669d3cb716f4b63d963,javascript,JavaScript,programming_language
bb05e1b085f5de06d0487cf2c26fb04942a3d27268ff7669d3cb716f4b63d963,docker,Docker,devops
bb05e1b085f5de06d0487cf2c26fb04942a3d27268ff7669d3cb716f4b63d963,git,Git,version_control
bb05e1b085f5de06d0487cf2c26fb04942a3d27268ff7669d3cb716f4b63d963,react,React,framework
bb05e1b085f5de06d0487cf2c26fb04942a3d27268ff7669d3cb716f4b63d963,node_js,Node.js,framework
bb05e1b085f5de06d0487cf2c26fb04942a3d27268ff7669d3cb716f4b63d963,postgresql,PostgreSQL,database
c94668fc31e82ab5b8e0828adf5ffb9af7317f3e3eec5853994e850fcb9833cf,postgresql,PostgreSQL,database
c94668fc31e82ab5b8e0828adf5ffb9af7317f3e3eec5853994e850fcb9833cf,docker,Docker,devops
c94668fc31e82ab5b8e0828adf5ffb9af7317f3e3eec5853994e850fcb9833cf,react,React,framework
31576deda1e905d871bc829d3caa6fb3312267803d63c017442992a356f0a40b,javascript,JavaScript,programming_language
31576deda1e905d871bc829d3caa6fb3312267803d63c017442992a356f0a40b,postgresql,PostgreSQL,database
31576deda1e905d871bc829d3caa6fb3312267803d63c017442992a356f0a40b,docker,Docker,devops
31576deda1e905d871bc829d3caa6fb3312267803d63c017442992a356f0a40b,node_js,Node.js,framework
b81baeef6947dbf5ee885b852b184dc380e0b3b365b755d7a2a8882243d27f52,react,React,framework
b81baeef6947dbf5ee885b852b184dc380e0b3b365b755d7a2a8882243d27f52,javascript,JavaScript,programming_language
b81baeef6947dbf5ee885b852b184dc380e0b3b365b755d7a2a8882243d27f52,git,Git,version_control
b81baeef6947dbf5ee885b852b184dc380e0b3b365b755d7a2a8882243d27f52,typescript,TypeScript,programming_language
b81baeef6947dbf5ee885b852b184dc380e0b3b365b755d7a2a8882243d27f52,docker,Docker,devops
bf56cbd17b8747671a8163d9bffa4c4547f3fee9b9ccd86523adfa3a92573c4f,javascript,JavaScript,programming_language
bf56cbd17b8747671a8163d9bffa4c4547f3fee9b9ccd86523adfa3a92573c4f,postgresql,PostgreSQL,database
bf56cbd17b8747671a8163d9bffa4c4547f3fee9b9ccd86523adfa3a92573c4f,node_js,Node.js,framework
bf56cbd17b8747671a8163d9bffa4c4547f3fee9b9ccd86523adfa3a92573c4f,react,React,framework
bf56cbd17b8747671a8163d9bffa4c4547f3fee9b9ccd86523adfa3a92573c4f,git,Git,version_control
bf56cbd17b8747671a8163d9bffa4c4547f3fee9b9ccd86523adfa3a92573c4f,docker,Docker,devops
cbad744a54d972f521696fa59197de4d8f3c8895468d27eca0f01d0f07a7d0e3,postgresql,PostgreSQL,database
cbad744a54d972f521696fa59197de4d8f3c8895468d27eca0f01d0f07a7d0e3,javascript,JavaScript,programming_language
cbad744a54d972f521696fa59197de4d8f3c8895468d27eca0f01d0f07a7d0e3,node_js,Node.js,framework
8057d29043896f090f15e2d9616159c99acd57c51bff67157a479286297e900e,docker,Docker,devops
8057d29043896f090f15e2d9616159c99acd57c51bff67157a479286297e900e,node_js,Node.js,framework
8057d29043896f090f15e2d9616159c99acd57c51bff67157a479286297e900e,postgresql,PostgreSQL,database
8057d29043896f090f15e2d9616159c99acd57c51bff67157a479286297e900e,javascript,JavaScript,programming_language
a6435c2af2880e44506d689f58d4c4d2950efa0665d367dceca5f6c157b7c7d9,postgresql,PostgreSQL,database
a6435c2af2880e44506d689f58d4c4d2950efa0665d367dceca5f6c157b7c7d9,typescript,TypeScript,programming_language
a6435c2af2880e44506d689f58d4c4d2950efa0665d367dceca5f6c157b7c7d9,react,React,framework
a6435c2af2880e44506d689f58d4c4d2950efa0665d367dceca5f6c157b7c7d9,javascript,JavaScript,programming_language
a6435c2af2880e44506d689f58d4c4d2950efa0665d367dceca5f6c157b7c7d9,git,Git,version_control
f1730da964693dbb6e16a1eb9ae92768e97226a4c248ffb5f1e3fdd8bfcc801f,postgresql,PostgreSQL,database
f1730da964693dbb6e16a1eb9ae92768e97226a4c248ffb5f1e3fdd8bfcc801f,javascript,JavaScript,programming_language
f1730da964693dbb6e16a1eb9ae92768e97226a4c248ffb5f1e3fdd8bfcc801f,typescript,TypeScript,programming_language
f1730da964693dbb6e16a1eb9ae92768e97226a4c248ffb5f1e3fdd8bfcc801f,node_js,Node.js,framework
f1730da964693dbb6e16a1eb9ae92768e97226a4c248ffb5f1e3fdd8bfcc801f,docker,Docker,devops
f1730da964693dbb6e16a1eb9ae92768e97226a4c248ffb5f1e3fdd8bfcc801f,git,Git,version_control
